infer_date,reference_date,nearest_index,group_id,article
2024-12-10,2021-04-12,2559,532,"1. 這個交易模式的特徵是價格波動較大，成交量在第三天達到高峰，技術指標顯示價格呈現上升趨勢。

2. 價格與成交量呈現正相關，價格與SMA、EMA、RSI呈現正向關係，MACD和MACD Signal呈現積極趨勢，MACD Histogram處於負值。

3. 基於預測收盤價的走勢，建議關注預測價格持續上升趨勢，可能有進一步上漲潛力。

4. 根據支撐壓力位置，建議在支撐位附近進場，設定停損位在支撐位以下一定幅度，降低風險。

5. 預測收盤價支持此交易建議，因為預測價格呈現上升趨勢，並且技術指標顯示股價可能會進一步上漲，建議符合交易趨勢。"
2024-12-11,2021-04-12,2559,532,"1. 這個交易模式的特徵是價格波動較大，成交量在第三天達到高峰，技術指標顯示價格呈現上升趨勢。

2. 價格與成交量呈現正相關，價格與SMA、EMA、RSI呈現正向關係，MACD和MACD Signal呈現積極趨勢，MACD Histogram處於負值。

3. 基於預測收盤價的走勢，建議關注預測價格持續上升趨勢，可能有進一步上漲潛力。

4. 根據支撐壓力位置，建議在支撐位附近進場，設定停損位在支撐位以下一定幅度，降低風險。

5. 預測收盤價支持此交易建議，因為預測價格呈現上升趨勢，並且技術指標顯示股價可能會進一步上漲，建議符合交易趨勢。"
2024-12-12,2021-04-27,2570,18,"1. 這個交易模式呈現價格相對穩定但有些波動，成交量整體趨於下降。技術指標顯示股價呈現上漲趨勢，RSI在70以上，MACD呈現正向走勢。

2. 價格與成交量呈現波動一致性，成交量下降可能代表市場趨於平靜。技術指標顯示MACD確認上漲趨勢，RSI過高可能預示可能回調。

3. 收盤價預測呈現整體穩定，建議可以持續追蹤並維持樂觀態度。建議可以持有股票，但需密切關注技術指標的變化。

4. 進場點可在支撐位115.35附近做多，停損位設在114.73。若股價突破壓力位121.28，可以考慮加碼持有。

5. 預測收盤價支持這個交易決策，原因在於多項技術指標顯示上漲趨勢，而預測收盤價也呈現穩定向上走勢，支持持續持有或進場。"
2024-12-13,2021-05-04,2574,410,"這個交易模式呈現價格相對穩定，成交量波動較小的特徵。價格持續在SMA5/20和EMA5/20之上，RSI介於50-60間，表明價格趨勢相對平穩。MACD近乎底部，但快要交叉信號線。

價格與成交量之間呈現正相關，而技術指標顯示價格處於較弱的上升趨勢，MACD指標也向上穿越信號線的可能性增加。

基於預測收盤價的走勢，可以考慮進行做多交易。建議在支撐位附近進場，停損設置在支撐位以下。由於預測收盤價趨近SMA和EMA的值，支持了這個交易決策，表明價格可能續漲至水平線附近。

綜合支撐壓力位置和預測收盤價支持，建議進場價位設在116.3左右，停損位設在116以下。這樣可利用支撐位作為保護，在趨勢明朗時獲利。"
2024-12-16,2021-05-05,2575,535,"1. 這個交易模式的特徵是股價走勢整體呈現下跌趨勢，並伴隨著成交量逐漸增加。技術指標顯示股價處於下跌狀態，RSI逐漸走低，MACD呈現負數。

2. 價格走勢與成交量呈現明顯的負相關，隨著價格下跌，成交量逐漸增加，顯示市場賣壓增強。技術指標中的SMA和EMA也呈現下跌趨勢，RSI低於50表示弱勢，MACD離預防值較遠。

3. 基於預測收盤價的走勢呈現上升趨勢，建議可以考慮做多交易。然而，由於整體市場走勢仍為下跌，建議謹慎進出，可以等待更強勢的信號再考慮進場。

4. 根據支撐壓力位置，在110至115之間可考慮進場，作為支撐位。停損位可設定在105附近，一旦跌破支撐位，應即退出。

5. 預測收盤價支持這個交易決策是因為預測收盤價呈現上升趨勢，可能代表價格即將反彈。然而，考慮整體市場環境仍處於下跌趨勢，因此仍需謹慎行事。"
2024-12-17,2021-02-25,2530,524,"1. 這個交易模式呈現出漲勢，伴隨成交量逐步增加，價格波動範圍較大，並且有較高的技術指標數值，暗示市場可能處於強勢格局。
2. 價格波動範圍與成交量呈現正相關，且技術指標顯示市場處於超買狀態，進一步強化了市場由強勢走勢。
3. 根據預測收盤價呈現持續上漲的走勢，建議可以考慮持續持有或逢低加碼擴大倉位，利潤空間仍有潛力。
4. 在支撐位上，可以考慮進場加碼，設定停損位於支撐位之下，如此可降低風險並保護利潤。
5. 由於預測收盤價支持持續上漲，結合技術指標顯示強勢格局，進出場點可以參考支撐位，在此價位上有較高的機率支撐價格，進場點相對較為安全穩健。"
2024-12-18,2012-04-24,367,101,"1. 這個交易模式特徵為市場走勢整體比較平穩，價格波動範圍不大，成交量有些波動但整體持平。技術指標中SMA和EMA呈現向下趨勢，RSI在中性區間，MACD金叉但MACD Histogram線低於0。

2. 價格與成交量呈現一定程度的負相關，成交量增加時價格可能出現波動。SMA和EMA則代表短期與長期平均價，反映價格走勢。RSI顯示市場是否超買或超賣，MACD則用於判斷趨勢強度和轉折。

3. 根據預測收盤價的走勢，可以考慮空單操作，因為預測收盤價呈現下跌趨勢。建議在價格低位進場，選擇適當停損位。

4. 根據支撐位和預測收盤價，進場點可以選擇在支撐位附近，並設定停損位在支撐位以下一定範圍，以控制風險。

5. 預測收盤價支持空單操作的理由是基於技術指標中SMA和EMA呈現向下趨勢，以及其他指標顯示市場呈現較弱的狀態。支撐位位置也強化了空單操作的合理性。"
2024-12-19,2012-04-25,368,102,"1. 這五天的交易模式表現出價格整體呈現下跌趨勢，但各項指標在波動中有部分變化。
2. 價格走勢與成交量呈現一定程度的關聯，價格下跌時成交量也略有增加。技術指標中的SMA和EMA都顯示短期均線低於長期均線，並呈現下跌趨勢，RSI和MACD指標也表現為下降。
3. 根據預測收盤價的增加趨勢，建議可以考慮買入該股票以追求獲利。但需謹慎觀察市場走勢，確保風險可控。
4. 根據支撐位和預測收盤價，進場點可選擇在支撐位上方，如在104左右進場；停損位可設在支撐位以下，如停損在近支撐位86.5左右。
5. 預測收盤價增加可能表明未來股價可能開始上升，這支持進行買入交易。需留意市場的動態並設定好進場點和停損位以應對風險。"
2024-12-20,2014-09-03,953,102,"1. 這五天的交易模式表現出價格整體呈現下跌趨勢，但各項指標在波動中有部分變化。
2. 價格走勢與成交量呈現一定程度的關聯，價格下跌時成交量也略有增加。技術指標中的SMA和EMA都顯示短期均線低於長期均線，並呈現下跌趨勢，RSI和MACD指標也表現為下降。
3. 根據預測收盤價的增加趨勢，建議可以考慮買入該股票以追求獲利。但需謹慎觀察市場走勢，確保風險可控。
4. 根據支撐位和預測收盤價，進場點可選擇在支撐位上方，如在104左右進場；停損位可設在支撐位以下，如停損在近支撐位86.5左右。
5. 預測收盤價增加可能表明未來股價可能開始上升，這支持進行買入交易。需留意市場的動態並設定好進場點和停損位以應對風險。"
2024-12-23,2012-05-03,373,104,"1. 這個交易模式表現出價格波動較大，成交量也出現明顯變化。技術指標中，SMA和EMA顯示近期價格趨勢，RSI指示超賣情況，MACD表現為負值，MACD Histogram指向負面。

2. 價格表現起伏劇烈，與成交量波動相關。技術指標的趨勢顯示價格可能會繼續下跌，特別是MACD出現死叉並持續為負值。

3. 根據預測收盤價，價格可能會繼續下跌，建議考慮短空操作，即進行做空交易。

4. 根據支撐壓力，進場點可在當前價位附近，停損位應設定在支撐位之上。

5. 預測收盤價指出價格可能會繼續下跌，這支持短空交易決策。建議做空操作的原因在於成交量下降，技術指標顯示空頭趨勢，預測收盤價也符合這一預期。"
2024-12-24,2014-09-10,957,273,"1. 這個交易模式表現為短期內價格穩定在較低水平，成交量逐漸減少，技術指標顯示市場呈現弱勢。
2. 價格在開高走低，收盤價低於開盤價，成交量呈現下降趨勢，SMA和EMA皆顯示下跌走勢，RSI和MACD均呈現負向信號。
3. 根據預測的收盤價，未來走勢可能會有所反彈，建議以逆勢思維，在價格觸及支撐位時進場做多，但需謹慎應對風險。
4. 進場點可設在支撐位附近，如89.6，停損設置在價格跌破支撐位時觸發，如89.2，控制風險。
5. 預測收盤價略高於當天實際收盤價，可能暗示價格有反彈機會。配合支撐位進行短線操作，但應注意風險控制。"
2024-12-25,2014-09-11,958,104,"1. 這個交易模式表現出價格波動較大，成交量也出現明顯變化。技術指標中，SMA和EMA顯示近期價格趨勢，RSI指示超賣情況，MACD表現為負值，MACD Histogram指向負面。

2. 價格表現起伏劇烈，與成交量波動相關。技術指標的趨勢顯示價格可能會繼續下跌，特別是MACD出現死叉並持續為負值。

3. 根據預測收盤價，價格可能會繼續下跌，建議考慮短空操作，即進行做空交易。

4. 根據支撐壓力，進場點可在當前價位附近，停損位應設定在支撐位之上。

5. 預測收盤價指出價格可能會繼續下跌，這支持短空交易決策。建議做空操作的原因在於成交量下降，技術指標顯示空頭趨勢，預測收盤價也符合這一預期。"
2024-12-26,2014-09-22,965,103,這個交易模式的特徵包括價格波動較大，成交量在第四天達到高峰，技術指標表現多數趨於負面。價格走勢與成交量呈現一定程度的關聯性，交易量增加時價格波動較大。技術指標顯示市場弱勢，MACD為負值，RSI較低。根據預測收盤價的走勢，建議短期空頭交易，注意風險。支撐位為進場點，停損位可設在支撐位以下，降低風險。預測收盤價在低位，反映市場可能繼續下跌，支持短空策略。投資者應謹慎應對市場風險，機動調整交易策略。
2024-12-27,2012-04-30,371,102,"1. 這五天的交易模式表現出價格整體呈現下跌趨勢，但各項指標在波動中有部分變化。
2. 價格走勢與成交量呈現一定程度的關聯，價格下跌時成交量也略有增加。技術指標中的SMA和EMA都顯示短期均線低於長期均線，並呈現下跌趨勢，RSI和MACD指標也表現為下降。
3. 根據預測收盤價的增加趨勢，建議可以考慮買入該股票以追求獲利。但需謹慎觀察市場走勢，確保風險可控。
4. 根據支撐位和預測收盤價，進場點可選擇在支撐位上方，如在104左右進場；停損位可設在支撐位以下，如停損在近支撐位86.5左右。
5. 預測收盤價增加可能表明未來股價可能開始上升，這支持進行買入交易。需留意市場的動態並設定好進場點和停損位以應對風險。"
2024-12-30,2017-10-06,1712,418,"1. 這個交易模式呈現價格在近期波動較大，且成交量持續波動但整體處於較低水平。技術指標中，SMA與EMA顯示短期均線低於長期均線，RSI指標表現不強，MACD呈現負數，整體市場處於相對弱勢狀態。

2. 價格、成交量與技術指標皆顯示市場呈現弱勢，價格上漲受到壓力，故預計未來可能會走低；成交量持續減少可能代表投資者興趣不高；技術指標顯示短期內可能持續下跌。

3. 基於預測收盤價的走勢，建議採取空頭策略，即看跌操作。因預測收盤價都低於當日收盤價，表示市場可能繼續下跌。

4. 進場點可在支撐位附近，如101.5左右；停損位可設在壓力位，如114.5附近，以控制風險。

5. 預測收盤價低於當日收盤價，結合其他指標顯示市場弱勢，因此支持採取空頭策略。在考慮市場走向和風險管理的情況下，空頭交易將更合適。"
2024-12-31,2017-10-06,1712,418,"1. 這個交易模式呈現價格在近期波動較大，且成交量持續波動但整體處於較低水平。技術指標中，SMA與EMA顯示短期均線低於長期均線，RSI指標表現不強，MACD呈現負數，整體市場處於相對弱勢狀態。

2. 價格、成交量與技術指標皆顯示市場呈現弱勢，價格上漲受到壓力，故預計未來可能會走低；成交量持續減少可能代表投資者興趣不高；技術指標顯示短期內可能持續下跌。

3. 基於預測收盤價的走勢，建議採取空頭策略，即看跌操作。因預測收盤價都低於當日收盤價，表示市場可能繼續下跌。

4. 進場點可在支撐位附近，如101.5左右；停損位可設在壓力位，如114.5附近，以控制風險。

5. 預測收盤價低於當日收盤價，結合其他指標顯示市場弱勢，因此支持採取空頭策略。在考慮市場走向和風險管理的情況下，空頭交易將更合適。"
2025-01-02,2017-10-05,1711,418,"1. 這個交易模式呈現價格在近期波動較大，且成交量持續波動但整體處於較低水平。技術指標中，SMA與EMA顯示短期均線低於長期均線，RSI指標表現不強，MACD呈現負數，整體市場處於相對弱勢狀態。

2. 價格、成交量與技術指標皆顯示市場呈現弱勢，價格上漲受到壓力，故預計未來可能會走低；成交量持續減少可能代表投資者興趣不高；技術指標顯示短期內可能持續下跌。

3. 基於預測收盤價的走勢，建議採取空頭策略，即看跌操作。因預測收盤價都低於當日收盤價，表示市場可能繼續下跌。

4. 進場點可在支撐位附近，如101.5左右；停損位可設在壓力位，如114.5附近，以控制風險。

5. 預測收盤價低於當日收盤價，結合其他指標顯示市場弱勢，因此支持採取空頭策略。在考慮市場走向和風險管理的情況下，空頭交易將更合適。"
2025-01-03,2014-09-03,953,102,"1. 這五天的交易模式表現出價格整體呈現下跌趨勢，但各項指標在波動中有部分變化。
2. 價格走勢與成交量呈現一定程度的關聯，價格下跌時成交量也略有增加。技術指標中的SMA和EMA都顯示短期均線低於長期均線，並呈現下跌趨勢，RSI和MACD指標也表現為下降。
3. 根據預測收盤價的增加趨勢，建議可以考慮買入該股票以追求獲利。但需謹慎觀察市場走勢，確保風險可控。
4. 根據支撐位和預測收盤價，進場點可選擇在支撐位上方，如在104左右進場；停損位可設在支撐位以下，如停損在近支撐位86.5左右。
5. 預測收盤價增加可能表明未來股價可能開始上升，這支持進行買入交易。需留意市場的動態並設定好進場點和停損位以應對風險。"
2025-01-06,2014-09-15,960,274,"1. 這個交易模式呈現股價在較高區域徘徊，且呈現下跌趨勢，成交量較前幾日略有減少，技術指標中SMA和EMA都呈現下跌趨勢，RSI指標低於50表示市場處於弱勢，MACD也呈現負數，整體呈現弱勢特徵。
2. 價格相對於支撐位與壓力位間擺盪，成交量減少可能反映市場交易活躍度下降，技術指標顯示市場處於空頭走勢。
3. 根據預測收盤價走勢顯示將持續下跌，建議以空頭操作為主，可以考慮賣空或選擇持有現金等待更佳進場時機。
4. 由於市場趨勢為下跌，可在股價觸及支撐位附近建立空倉，停損位設定在盤整時的高點或支撐位上方，降低風險。
5. 預測收盤價顯示市場將繼續下跌，與技術指標呈現的弱勢特徵相符，支持採取空頭操作策略。止損位可設定在盤整時的高點或支撐位上方以保護資本。"
2025-01-07,2014-09-10,957,273,"1. 這個交易模式表現為短期內價格穩定在較低水平，成交量逐漸減少，技術指標顯示市場呈現弱勢。
2. 價格在開高走低，收盤價低於開盤價，成交量呈現下降趨勢，SMA和EMA皆顯示下跌走勢，RSI和MACD均呈現負向信號。
3. 根據預測的收盤價，未來走勢可能會有所反彈，建議以逆勢思維，在價格觸及支撐位時進場做多，但需謹慎應對風險。
4. 進場點可設在支撐位附近，如89.6，停損設置在價格跌破支撐位時觸發，如89.2，控制風險。
5. 預測收盤價略高於當天實際收盤價，可能暗示價格有反彈機會。配合支撐位進行短線操作，但應注意風險控制。"
2025-01-08,2022-12-06,2970,618,"1. 這個交易模式呈現出價格在整體上呈現上升趨勢，但有時會受到壓力位的阻力。成交量在波動中有所增減，技術指標中SMA和EMA均顯示上升趨勢，RSI指標顯示股價的強弱狀態，MACD則呈現漲勢。

2. 價格與技術指標呈現一致性，此顯示出市場動能和趨勢的支持。成交量有時與價格走勢相關，但須注意是否有配合技術指標的趨勢背離。
   
3. 根據預測收盤價的走勢，建議進行多頭交易，因為預測收盤價比當日收盤價高，顯示股價可能還會上升，可考慮持有短期多頭策略。

4. 進場點可設置在支撐位附近，當股價回測支撐位時進場。停損位可設置在支撐位以下，保護自己免於過度虧損。

5. 預測收盤價支持多頭策略的交易決策，基於技術指標呈現股價漲勢，預測收盤價較當日收盤價高，搭配支撐位為進出場參考依據，有助於確保交易安全並提供良好風險回報比。"
2025-01-09,2022-12-07,2971,619,"1. 這個交易模式特徵為在價格區間內波動穩定，成交量呈現逐漸下降的趨勢，技術指標中SMA、EMA、RSI、MACD交叉運動不明顯，整體市場較為平靜。

2. 價格與成交量通常呈現正相關，然而在這個交易模式中成交量並未明顯反映價格波動，可能預示市場缺乏新的趨勢或驅動力。技術指標則有助於捕捉價格變化的速度與力道，例如MACD的金叉死叉可以指示市場走勢的改變。

3. 根據預測收盤價的走勢，建議針對短線做交易。考慮價格區間波動較小，可以採取日內交易策略，以預測收盤價為參考點，穩健操作。

4. 進場點可以考慮在支撐位附近建倉，例如在100.7-101.05之間；停損位可以設定在支撐位以下約0.5%的位置，以控制風險。

5. 預測收盤價反映價格向上突破的可能性，搭配MACD的Histogram走高、RSI穩定在中高水平，支持預期價格的上漲。建議操作可以選擇留意市場情況，利用支撐位進行操作做好風險控制。"
2025-01-10,2014-09-03,953,102,"1. 這五天的交易模式表現出價格整體呈現下跌趨勢，但各項指標在波動中有部分變化。
2. 價格走勢與成交量呈現一定程度的關聯，價格下跌時成交量也略有增加。技術指標中的SMA和EMA都顯示短期均線低於長期均線，並呈現下跌趨勢，RSI和MACD指標也表現為下降。
3. 根據預測收盤價的增加趨勢，建議可以考慮買入該股票以追求獲利。但需謹慎觀察市場走勢，確保風險可控。
4. 根據支撐位和預測收盤價，進場點可選擇在支撐位上方，如在104左右進場；停損位可設在支撐位以下，如停損在近支撐位86.5左右。
5. 預測收盤價增加可能表明未來股價可能開始上升，這支持進行買入交易。需留意市場的動態並設定好進場點和停損位以應對風險。"
2025-01-13,2014-09-03,953,102,"1. 這五天的交易模式表現出價格整體呈現下跌趨勢，但各項指標在波動中有部分變化。
2. 價格走勢與成交量呈現一定程度的關聯，價格下跌時成交量也略有增加。技術指標中的SMA和EMA都顯示短期均線低於長期均線，並呈現下跌趨勢，RSI和MACD指標也表現為下降。
3. 根據預測收盤價的增加趨勢，建議可以考慮買入該股票以追求獲利。但需謹慎觀察市場走勢，確保風險可控。
4. 根據支撐位和預測收盤價，進場點可選擇在支撐位上方，如在104左右進場；停損位可設在支撐位以下，如停損在近支撐位86.5左右。
5. 預測收盤價增加可能表明未來股價可能開始上升，這支持進行買入交易。需留意市場的動態並設定好進場點和停損位以應對風險。"
2025-01-14,2012-05-03,373,104,"1. 這個交易模式表現出價格波動較大，成交量也出現明顯變化。技術指標中，SMA和EMA顯示近期價格趨勢，RSI指示超賣情況，MACD表現為負值，MACD Histogram指向負面。

2. 價格表現起伏劇烈，與成交量波動相關。技術指標的趨勢顯示價格可能會繼續下跌，特別是MACD出現死叉並持續為負值。

3. 根據預測收盤價，價格可能會繼續下跌，建議考慮短空操作，即進行做空交易。

4. 根據支撐壓力，進場點可在當前價位附近，停損位應設定在支撐位之上。

5. 預測收盤價指出價格可能會繼續下跌，這支持短空交易決策。建議做空操作的原因在於成交量下降，技術指標顯示空頭趨勢，預測收盤價也符合這一預期。"
2025-01-15,2012-05-08,376,105,"1. 這個交易模式具有股價上漲趨勢，但價格波動較大，成交量逐漸增加。技術指標顯示多數呈負向趨勢，顯示市場可能面臨一些壓力。

2. 價格呈現上升趨勢，與成交量增加一致。然而，技術指標中的RSI和MACD均顯示市場可能過度賣出，進一步上漲可能受到阻礙。

3. 可考慮在價格與支撐位相對較低時進行買入，並設置在支撐位一定幅度以下的停損位。預測收盤價指向價格將保持在高位。

4. 進場點可設置在支撐位附近，如86.5附近。停損位可設置在支撐位以下幾個點，以控制風險。

5. 預測收盤價支持進場決策，表明價格仍有上升空間。然而，技術指標顯示市場可能面臨下跌風險，因此在進場後需密切關注市場動態。"
2025-01-16,2014-12-18,1027,286,"1. 該交易模式呈現股價下跌走勢，交易量逐漸增加且表現為持續下滑。技術指標中，SMA和EMA均顯示短期均線低於長期均線，RSI、MACD皆呈現弱勢狀態。

2. 價格區間與成交量通常呈現相關性，價格下跌時成交量增加；技術指標如RSI、MACD顯示市場壓力，與價格走勢貼合。

3. 根據預測收盤價的走勢，建議進行多單交易。預計價格將有較為穩定的回升趨勢，可以考慮低位進場。

4. 進場點可參考支撐位作為參考點，設定停損位在壓力位，有效控制風險。

5. 預測收盤價顯示市場可能會開始回升，結合支撐位的定位作為進場參考，停損位的設定有助於控制風險。相較於價格後續預測，當日收盤價能提供更即時的市場走勢提示。"
2025-01-17,2014-12-22,1029,286,"1. 該交易模式呈現股價下跌走勢，交易量逐漸增加且表現為持續下滑。技術指標中，SMA和EMA均顯示短期均線低於長期均線，RSI、MACD皆呈現弱勢狀態。

2. 價格區間與成交量通常呈現相關性，價格下跌時成交量增加；技術指標如RSI、MACD顯示市場壓力，與價格走勢貼合。

3. 根據預測收盤價的走勢，建議進行多單交易。預計價格將有較為穩定的回升趨勢，可以考慮低位進場。

4. 進場點可參考支撐位作為參考點，設定停損位在壓力位，有效控制風險。

5. 預測收盤價顯示市場可能會開始回升，結合支撐位的定位作為進場參考，停損位的設定有助於控制風險。相較於價格後續預測，當日收盤價能提供更即時的市場走勢提示。"
2025-01-20,2015-12-18,1272,322,"1. 這個交易模式的特徵是價格波動較大，成交量逐日呈現下降趨勢。技術指標顯示股價走勢偏向下行，但有些指標已經逐漸觸底。

2. 價格與成交量呈現負相關，價格走勢與技術指標如SMA、EMA、RSI和MACD有一定對應關係。當成交量下降，可能引發股價下跌。MACD呈現負值，顯示繼續下跌的動能。

3. 基於預測收盤價的走勢呈現上升趨勢，但預測收盤價仍然低於當日實際收盤價。建議應謹慎操作，暫時觀望，等待更清晰的交易信號再進行操作。

4. 支撐位提供了下方價格的參考，可考慮在支撐位附近進場。設定停損位在壓力位及支撐位之間，以控制風險。

5. 預測收盤價低於實際收盤價，可能存在其他影響因素未被考慮。建議在確定趨勢明確後再進行交易，盡量避免不確定性。"
2025-01-21,2015-08-28,1195,314,"1. 這個交易模式的特徵是市場呈現下跌趨勢，且股價和技術指標顯示著壓力較大。

2. 價格、成交量與技術指標呈現負相關。股價下跌時，成交量增加且技術指標如RSI和MACD均呈現過度賣出的情況。

3. 根據預測收盤價呈現持續下跌趨勢，建議可考慮空頭操作，即賣出股票。因預估收盤價低於當天開盤價，代表股價可能持續下滑。

4. 進場點可在支撐位附近建立短倉，如在89.0至88.75之間；停損位可設定在92.25的壓力位上方，控制風險。

5. 預測收盤價低於當日開盤價，結合技術指標顯示股價過度賣出，支持空頭交易決策。然而，還需留意市場變化，以確保風險控制。"
2025-01-22,2012-06-18,405,111,這個交易模式特徵為價格呈現下跌趨勢，成交量持續下降，技術指標RSI處於低位，MACD呈現負值趨勢。價格與成交量呈現負相關，與技術指標RSI和MACD均呈現下跌趨勢相符合。預測收盤價多數低於價格移動平均線，顯示股價繼續走弱。建議短線交易者考慮賣出，長線持有者可考慮停損或輕減倉位。支撐位提供進場點，若價格跌破支撐位則可考慮停損退出。預測收盤價及MACD信號線支持賣出決策，建議緊密觀察動態。
2025-02-03,2015-09-15,1207,161,"1. 這個交易模式具有價格在短期內波動較大，成交量逐漸減少的特徵。技術指標顯示市場處於下跌趨勢，但出現過慢的上升跡象。

2. 價格與成交量呈現反向關係，價格區間波動幅度較大，但整體上呈現下跌趨勢。技術指標顯示市場出現超賣狀態，但相對較弱的買盤參與。

3. 基於預測收盤價的走勢，建議保持謹慎態度，可考慮等待更多肯定信號後再進行操作。預測收盤價的下跌趨勢意味著可能會出現進一步的下跌。

4. 根據支撐位，建議在支撐位附近布局，進場點約在86.98-87.12之間，停損位可放在下一支撐位87.5。

5. 預測收盤價支持下跌趨勢的原因是多方面的，如價格低於SMA和EMA的平均值、RSI不穩定並逐漸下降、MACD呈現負值等，這些指標都指向市場可能會持續下跌。因此，建議等待更多確認信號後再進行操作。"
2025-02-04,2013-03-06,582,167,"1. 這個交易模式的特徵是收盤價較為穩定，價格波動範圍不大，而成交量有所波動，技術指標顯示市場趨勢偏向下跌，且處於超賣區域。

2. 由於價格盤整，成交量波動不大，主要受市場情緒影響。技術指標RSI顯示超賣，MACD呈現負敘述，預測收盤價與現有收盤價相比偏低。

3. 基於預測收盤價向下走勢，建議空單進場以做空操作。透過下跌趨勢的支持，可預期價格持續走低。

4. 進場點應考慮在支撐位附近，即83.13附近建立空位。停損位則應該設置在壓力位附近，例如87.62，以避免損失。

5. 預測收盤價低於當天實際收盤價，顯示市場可能會繼續向下調整。結合技術指標顯示的超賣情況及MACD的負敘述，進一步支持空單策略。"
2025-02-05,2016-01-12,1288,328,"1. 這個交易模式具有下跌趨勢，價格在上下波動，成交量整體呈現下降的走勢，且技術指標顯示多數為弱勢信號。

2. 價格的下跌趨勢與成交量的下降相互呼應，顯示投資者對股票的興趣降低。技術指標中的SMA和EMA均下跌，RSI處於超賣區域，MACD也顯示差離績效持續負值，顯示多空力量不平衡。

3. 基於預測收盤價的走勢呈現反彈趨勢，建議進行短線操作，當價格接近預測收盤價時可考慮做多，但需謹慎操作。

4. 根據支撐壓力位置，進場點應注意價格觸及支撐位時，可以考慮進場，停損位可以設置在支撐位以下一定差值範圍。

5. 預測收盤價反彈可能是基於週期性或技術面的變化，進而帶動價格的短暫上漲，但考慮到整體弱勢趨勢及技術指標的負面信號，操作時仍要謹慎，建議綜合考慮其他風險因素。"
2025-02-06,2016-01-19,1293,329,"1. 這個交易模式的特徵包括成交量在波動，價格在窄幅波動，技術指標顯示多頭交叉後走弱，並且預測收盤價在變動。

2. 成交量的增減會影響價格波動，SMA和EMA顯示短期均線向下交叉長期均線，表示可能的下跌趨勢。RSI低於50，顯示市場處於弱勢，MACD呈現負值，進一步支持下跌趨勢。

3. 根據預測收盤價呈現上升趨勢，建議可以考慮進行多頭交易。但需謹慎盤中大幅波動的影響，建議在確認趨勢後入場。

4. 進場點可選擇在支撐位附近，如79.21，設定停損位在78.8附近，以應對可能的下跌風險。

5. 預測收盤價及其他指標顯示短期上升趨勢，再加上支撐位支撐，可提高進場成功的概率。止損位的設置有助於控制風險，並在走勢反轉時保護投資。"
2025-02-07,2016-01-21,1295,330,"1. 這個交易模式呈現價格趨勢下跌，成交量逐漸增加，技術指標顯示弱勢。支撐位被突破，股價可能面臨下跌壓力。
2. 價格下跌趨勢與成交量增加相符，反映出市場賣壓增加。技術指標顯示股價處於超賣狀態，尚未出現明顯反彈信號。
3. 基於預測收盤價呈現持續下跌趨勢，建議短期以空單進行交易，避免追高買進。
4. 進場點可以在進一步下跌且跌破支撐位時逢低設定，停損位可設在壓力位上方，以防止逆勢反彈。
5. 預測收盤價支持了空單建議，因為價格趨勢下跌，技術指標顯示股價弱勢，預測成交價偏向續跌。考慮總體情況下，維持空單有助於搶進下跌趨勢中獲利。"
2025-02-10,2016-01-28,1300,331,"1. 這個交易模式的特徵是價格波動範圍狹窄，成交量整體呈現下降趨勢，技術指標顯示股票處於下跌狀態。

2. 價格在接近支撐位時開始下跌，成交量逐漸減少，SMA和EMA都呈現下降趨勢，RSI處於超賣區域，MACD出現負數，顯示賣壓增加。

3. 根據預測收盤價顯示持續下跌趨勢，建議進行空頭操作。建議可在支撐位或近支撐位進場並在壓力位設定停損。

4. 進場點可選擇在支撐位附近，如76.88或76.62，停損位可設定在壓力位上方，如88.14，控制損失。

5. 預測收盤價低於當日實際收盤價，並且其他指標顯示持續下跌趨勢，符合建議進行空頭操作的判斷。建議操作基於預測的趨勢和更全面的技術分析。"
2025-02-11,2016-02-01,1303,332,"1. 這個交易模式呈現出價格波動幅度較大，成交量在第三、第四天明顯增加，技術指標中，MACD持續走低，RSI呈現下降趨勢。

2. 價格與成交量在第三、四天較高，技術指標中MACD持續下跌可能指向下跌趨勢，RSI在第四天有所回升但仍然低於50，預測收盤價均較低。

3. 由於預測收盤價低於前幾天的收盤價，建議為短空交易。建議在第五天開盤時賣出（做空），並在下方支撐位76.14設置停損價位。

4. 進場點為第五天開盤價，目標價為預測收盤價73.98，停損價位為支撐位76.14。

5. 預測收盤價支持了短空交易決策，顯示預期價格將下跌。結合技術指標MACD下跌、RSI低於50的信號，進一步確認了短空交易的合理性。"
2025-02-12,2018-10-03,1955,334,"這個交易模式表現為價格較為震盪，缺乏明顯趨勢性，成交量在上升後呈現波動下降的走勢。技術指標中，SMA和EMA顯示價格在短期與長期均值之間波動，RSI表現中性，MACD處於負值區間但MACD Histogram呈現微弱上升。

預測收盤價與價格、技術指標均有一定關聯性，但由於價格較為震盪，預測較為困難。建議觀望待趨勢明確後再入場。支撐位為進場參考點，若跌破支撐位則應考慮停損或賣出。

由於預測收盤價與實際收盤價差異不大，為了保守起見，建議等待市場出現明確趨勢再進行交易，以避免風險。"
2025-02-13,2016-03-08,1321,70,"1. 這個交易模式表現出價格在垂直移動，成交量略有波動且整體遵循價格的走勢，技術指標顯示RSI在中性範圍內波動，MACD持續向上，SMA和EMA呈現向上趨勢。

2. 價格與成交量之間存在正相關，價格趨勢會受到成交量的影響。技術指標中的SMA、EMA、RSI、MACD等皆表現出市場走勢的不同角度，有助於預測股價的走勢。

3. 根據預測收盤價的走勢，顯示股價有上漲趨勢，建議採取多頭策略，進行買入操作。

4. 支撐位提供了進場點，當股價接近支撐位時，是個理想買點；設定停損位在支撐位的下方，更好保護風險。

5. 預測收盤價位於支撐位附近，顯示了股價有反彈的可能性，結合其他技術指標的向上趨勢，有信心預期買入操作將獲利。"
2025-02-14,2016-03-10,1323,338,"1. 這段交易模式的特徵是價格呈現上升趨勢，交易量也逐漸增加。技術指標顯示股票處於強勢，RSI顯示股價並未達到過度買入水平。

2. 價格的上升趨勢與成交量的增加相符，顯示市場參與度高。SMA和EMA顯示短期均線持續向上，MACD也繼續顯示正收斂。

3. 基於預測收盤價的走勢，建議繼續持有或輕微增持頭寸，因為價格預計會保持在相對穩定的水平。

4. 進場點可在當日開盤價或收盤價附近，停損位可設置在支撐位附近，例如77.14至78.03的價位範圍。

5. 預測收盤價的支持這個交易決策是因為價格保持在預期範圍內，並且各項技術指標顯示股票仍處於強勢上升趨勢，因此可以依此繼續持有頭寸。"
2025-02-17,2016-03-14,1325,63,"1. 這五天的交易模式特徵是價格波動範圍相對較小，成交量處於下降趨勢，技術指標中SMA和EMA均顯示股價呈現上升趨勢，但RSI指標卻呈現下跌。
2. 在價格、成交量與技術指標的關聯性方面，可以看到價格跌破SMA和EMA的20日均線，成交量逐漸減少，RSI進一步走低，而MACD則呈現放量下跌的情況。
3. 基於預測收盤價的走勢，建議以空頭姿勢進行交易，看跌進場。預測收盤價的下跌顯示股價可能會繼續下行。
4. 考慮支撐位，可以在支撐位附近進場，停損位可以設在支撐位以下一定範圍內，以控制風險。
5. 預測收盤價支持空頭決策，因為價格持續走低，SMA和EMA也顯示可能的下跌趨勢，這與RSI和MACD指標的狀況相符，強化了預測的可靠性。"
2025-02-18,2016-03-15,1326,339,"1. 這個交易模式特徵為價格穩定在一個較窄的區間內波動，並且成交量整體趨於平穩。技術指標顯示趨勢向上，RSI處於中性區域，MACD Histogram持續增加。

2. 價格在支撐位附近波動，成交量不大，SMA和EMA表現均值上升趨勢明顯，暗示短期漲勢。MACD和MACD Signal都呈現正值，且持續增加，顯示正偏多頭。

3. 根據預測收盤價看出漲勢仍將持續，建議進行買入操作。因趨勢尚未受到明顯阻礙，可以持有至預測收盤價水平附近。

4. 進場點可定在當日開盤或支撐位附近，例如當日低點。停損位可設置在支撐位以下少許，如78.02，以控制風險。

5. 預測收盤價支持買入決策，因技術面向上趨勢明顯，MACD持續增加、RSI仍有上升空間。支撐壓力位置也顯示股價有持續向上的空間。綜合分析，選擇買入操作有較大機會走勢正向。"
2025-02-19,2016-03-25,1334,341,"1. 這個交易模式的特徵是股價在短期內持續上漲，並且技術指標顯示股價處於強勢狀態，成交量略有增加，MACD和RSI指標呈現穩定上升的趨勢。

2. 價格上漲趨勢與成交量增加相關，表明市場參與者信心增強；技術指標中的SMA、EMA、MACD和RSI都顯示股價處於強勢狀態，MACD信號和直方圖均為正值，RSI在50以上。

3. 基於預測收盤價的走勢，建議順勢交易，買入持有。由於預測收盤價持續上升，可考慮持有倉位直至趨勢轉變。不宜短線交易，宜長線觀察。

4. 進場點建議在支撐位附近設置，應該在78.59左右。停損位建議設在支撐位以下一定範圍，例如78.34。

5. 預測收盤價支持此交易決策，因為股價走勢偏向上漲，成交量增加，並且多個技術指標顯示強勢狀態，這表明股價可能會繼續上漲，支持長期持有。"
2025-02-20,2020-07-09,2376,519,"這個交易模式特徵為價格波動範圍緊湊，成交量在第一天最高，逐漸減少。價格與成交量呈現負相關關係。技術指標顯示SMA及EMA呈漲勢，RSI保持高位，MACD及信號線呈正值且MACD Histogram持續增加。

基於預測收盤價的走勢，預計股價將維持在高位波動。建議在價格接近支撐位時進場，並設定適當停損位在支撐位以下。根據預測收盤價支持的交易決策，可以看到市場對於股票價格保持正向信心，支持進一步上漲的趨勢。"
2025-02-21,2020-07-09,2376,519,"這個交易模式特徵為價格波動範圍緊湊，成交量在第一天最高，逐漸減少。價格與成交量呈現負相關關係。技術指標顯示SMA及EMA呈漲勢，RSI保持高位，MACD及信號線呈正值且MACD Histogram持續增加。

基於預測收盤價的走勢，預計股價將維持在高位波動。建議在價格接近支撐位時進場，並設定適當停損位在支撐位以下。根據預測收盤價支持的交易決策，可以看到市場對於股票價格保持正向信心，支持進一步上漲的趨勢。"
2025-02-24,2020-07-09,2376,519,"這個交易模式特徵為價格波動範圍緊湊，成交量在第一天最高，逐漸減少。價格與成交量呈現負相關關係。技術指標顯示SMA及EMA呈漲勢，RSI保持高位，MACD及信號線呈正值且MACD Histogram持續增加。

基於預測收盤價的走勢，預計股價將維持在高位波動。建議在價格接近支撐位時進場，並設定適當停損位在支撐位以下。根據預測收盤價支持的交易決策，可以看到市場對於股票價格保持正向信心，支持進一步上漲的趨勢。"
2025-02-25,2016-07-29,1418,356,"1. 這個交易模式呈現出股價在一定範圍內波動，成交量整體保持穩定，並呈現上升趨勢。價格波動幅度較小，技術指標顯示有上漲趨勢。

2. 在這個交易模式中，價格與成交量呈現較高的關聯性，通常成交量增加時，價格也可能會有所增加。此外，技術指標如RSI和MACD顯示股價有超買現象，建議警惕轉折。

3. 基於預測收盤價的走勢，給出明確的交易建議：根據預測收盤價的上升趨勢，建議可以考慮做多操作，但需留意超買情況，可謹慎進場。

4. 根據支撐壓力位置，進場點可以設定在支撐位上方，如80.81；停損位可以設定在壓力位下方，如84.01，以控制風險。

5. 預測收盤價支持做多操作的決策，主要基於價格趨勢、技術指標顯示的上漲趨勢和超買現象，以及支撐位的位置。綜合這些因素，做多操作有機會獲利。"
2025-02-26,2020-07-10,2377,355,"1. 這個交易模式的特徵是價格整體呈現上升趨勢，成交量從低到高逐步增加，技術指標中SMA和EMA均顯示價格趨勢向上，RSI處於適中高位，MACD和MACD Signal均呈現積極向上的趨勢。

2. 價格、成交量和技術指標都支持這一上升趨勢。價格走勢正向，成交量與漲幅正向相關，技術指標中SMA、EMA、RSI、MACD均表明市場可能持續看漲。

3. 基於預測收盤價顯示上漲趨勢，建議持續保持看漲態勢，可以考慮加碼或持有頭寸。建議在下一個交易日開盤時進場，注意價格位置，可以在收盤價下方1%左右設置停損。

4. 支撐位提供了進場點參考，可以在支撐位附近建立倉位，停損可放在支撐位下方1%處。

5. 預測收盤價支持這個交易決策，因為該預測顯示了股價持續上升的趨勢，並與其他技術指標一致。整體市場氛圍暖和，支持這一樂觀的交易方向。"
2025-02-27,2020-07-16,2381,483,這五天的交易模式特點為價格波動範圍較大，成交量略有波動。SMA5/20和EMA5/20顯示短期均線多數高於長期均線，暗示上漲趨勢；RSI數據表明股票非處於過度買入或過度賣出狀態；MACD雖呈現負值，但漸漸縮小。預測收盤價整體在支撐位以上，意味著近期震盪可能止跌回升。建議在支撐位附近進場，止損設置在支撐位以下。由於預測收盤價略高於當日實際收盤價，可能受到各項技術指標支持，故建議持有或輕度增倉。
2025-03-03,2016-04-01,1338,76,這個交易模式呈現股價漲勢，成交量逐漸增加，顯示市場活躍度提高。技術指標中，SMA和EMA顯示股價呈現向上趨勢，RSI、MACD與MACD Histogram均顯示多頭訊號。預測收盤價整體向上，符合多頭走勢。建議在支撐位附近進場，設立停損在支撐位以下，以保護本金。預測收盤價支持此交易決策，因為其顯示股價仍有上漲潛力，並與技術指標及成交量的多頭訊號保持一致。
2025-03-04,2011-11-14,259,64,"1. 這五天的交易模式呈現出價格波動較大，成交量在第四天有明顯增加的特徵。價格波動主要受到支撐位和壓力位的影響，且技術指標顯示市場波動性較高。
   
2. 在這個模式中，價格和成交量呈現正相關，成交量增加時，通常伴隨著價格的波動。技術指標如SMA、EMA、RSI和MACD可幫助分析價格走勢和市場強弱。
   
3. 根據預測收盤價的走勢，價格整體呈現上升趨勢，建議可以跟隨趨勢進行交易，考慮買入持有。
   
4. 進場點可以考慮在支撐位附近，如73.88左右，這是一個潛在的支撐位置。停損位可設定在支撐位以下一個較小的價格波動幅度，如73.48。
   
5. 預測收盤價呈現上升趨勢，這意味著市場對於該股票持有較為樂觀的態度，建議買入持有。支撐位提供了一個相對安全的進場點，也可作為設定停損位的參考，以控制風險。"
2025-03-05,2011-11-24,267,67,"1. 這個交易模式呈現價格震盪的狀態，波動幅度相對較小，成交量逐步增加，技術指標顯示市場走勢較為平穩。

2. 在這種震盪狀態下，價格呈現在支撐位和壓力位之間波動，成交量的增加可能意味著市場情緒有所變化，技術指標中的RSI表現為偏向中性，MACD表現為稍微偏空。

3. 基於預測收盤價的走勢，可以看出股價可能會在支撐位附近企穩，建議觀望此位置是否形成支撐後再進行交易，並保持謹慎樂觀的態度。

4. 進場點可以考慮在支撐位附近進行，停損位可以設置在支撐位以下一定幅度，避免不必要的風險。

5. 預測收盤價支持此交易決策，因為預測收盤價與支撐位接近，可能意味著價格有反彈的潛力，而止損位的設置也有助於控制風險。結合支撐位和預測價格，可以提高進場時機的準確性與風險控制的能力。"
2025-03-06,2011-11-28,269,68,"1. 這個交易模式呈現股價走勢緩慢下跌並呈現偏空格局，成交量持續下降。技術指標中SMA和EMA均顯示短期均線低於長期均線，RSI持續在過賣區，MACD走勢處於負值，呈現弱勢。

2. 價格走勢下跌，且收盤價跌破SMA、EMA和支撐位，成交量隨著價格下跌而減少，表明賣方力量逐漸增強。技術指標RSI、MACD均顯示市場處於弱勢。

3. 根據預測收盤價走勢，建議採取空頭策略，即賣出持有倉位或進行做空操作，預計股價將出現進一步下跌。

4. 進場點應在當日開盤價以上，當股價突破支撐位時可以進行賣出，停損位可以設在壓力位以上，控制風險。

5. 預測收盤價支持空頭策略的原因在於價格走勢持續下跌，並且技術指標顯示市場處於弱勢，因此建議在股價走勢向下時進行空頭交易。"
2025-03-07,2011-10-26,246,59,"這個交易模式的特徵表現為價格围绕移动平均线波动，RSI位于中性区域，MACD为正值，可维持一定的上升动能。成交量涨跌互现，显示市场活跃度平稳。

價格与成交量波动较为一致，但成交量未显示明显趋势变化。技術指標中MACD的变化与价格走势较为一致，RSI介于超卖和超买区间，给出了一定参考意见。

考虑到预测收盘价呈现逐步增长的趋势，建议进行多头交易，等待价格继续上升。进场可设在支撑位附近，如70.68，止损位可设在70.29附近，以保护获利。

预测收盘价符合价格上涨的走势，且技术指标MACD和RSI支持上涨动能，因此建议进行多头交易。"
